meta_description,last_updated,domain,title,url,img_url
The official source of National Basketball Association tickets. Don't miss the chance for seats to your favorite team's next home game.,2024-06-11T23:33:01.843256,nbatickets.nba.com,NBATickets.com â€“ NBATickets.com: The Official Source of Authentic NBA Basketball Tickets,https://nbatickets.nba.com/?cid=nba:tickets:institutional:nbacom:domsites:rd,https://fanalyze-images.s3.amazonaws.com/nba/web/nba.png
"Watch NBA Games - Follow the game, scores and stats for NBA matchups.",2024-06-11T23:33:01.560988,www.nba.com,NBA Games - All NBA matchups | NBA.com,https://www.nba.com/games,https://fanalyze-images.s3.amazonaws.com/nba/web/nba.png
"NBA Schedule: Official source of NBA games schedule. Check your team's schedule, game times and opponents for the season.",2024-06-11T23:33:01.291480,www.nba.com,NBA Schedule - NBA Games & Events | NBA.com,https://www.nba.com/schedule,https://fanalyze-images.s3.amazonaws.com/nba/web/nba.png
All 2024 NBA Playoff games are available to listen to on SiriusXM. Select broadcasts are also available on ESPN Radio.,2024-06-11T23:33:01.092480,www.nba.com,How to listen to 2024 NBA Playoff games on the radio in the U.S. | NBA.com,https://www.nba.com/news/how-to-listen-to-2024-nba-playoff-games-on-the-radio-in-the-u-s,https://fanalyze-images.s3.amazonaws.com/nba/web/nba.png
NBA Games broadcasted on LP,2024-06-11T23:33:00.901072,www.nba.com,LP Scheduled NBA Games | NBA.com,https://www.nba.com/schedule?bc=LP&cal=all&region=1,https://fanalyze-images.s3.amazonaws.com/nba/web/nba.png
"Whether it's NBA CrunchTime, SiriusXM NBA programming, pregame studio shows, international games featuring top future prospects and other special NBA events, bookmark this page for the latest schedule of non-NBA game streaming events.",2024-06-11T23:33:00.694287,www.nba.com,NBA livestream event schedule | NBA.com,https://www.nba.com/news/livestream-event-schedule,https://fanalyze-images.s3.amazonaws.com/nba/web/nba.png
"Key dates and important events for the 2022-23 NBA season including season start, All-Star, Playoffs, NBA Finals and NBA Draft.",2024-06-11T23:33:00.475207,www.nba.com,Key dates for 2023-24 NBA season | NBA.com,https://www.nba.com/news/key-dates,https://fanalyze-images.s3.amazonaws.com/nba/web/nba.png
"Stream live NBA games, game replays, video highlights, and access featured NBA TV programming online with Watch NBA TV",2024-06-11T23:33:00.265826,www.nba.com,"Watch NBA: Online Live Basketball Games, Replays, Highlights  | NBA.com",https://www.nba.com/watch/featured,https://fanalyze-images.s3.amazonaws.com/nba/web/nba.png
"Stream NBA games live or watch iconic and classic basketball games. Plus, gain access to studio shows and NBA analysis from around the league.",2024-06-11T23:33:00.095737,www.nba.com,"NBA TV - Live Basketball Streaming, Original NBA Shows & on-demand video content of classic NBA game | NBA.com",https://www.nba.com/watch/nba-tv,https://fanalyze-images.s3.amazonaws.com/nba/web/nba.png
2024 Playoffs | All Series,2024-06-11T23:32:59.846001,www.nba.com,2024 Playoffs | All Series | NBA.com,https://www.nba.com/playoffs/2024/series,https://fanalyze-images.s3.amazonaws.com/nba/web/nba.png
